{"cameraMode":{"drawMode":0,"name":"Shaded","section":"Shading Mode"},"sceneLighting":true,"audioPlay":false,"sceneViewState":{"m_AlwaysRefresh":false,"showFog":true,"showSkybox":true,"showFlares":true,"showImageEffects":true,"showParticleSystems":true,"showVisualEffectGraphs":true,"m_FxEnabled":true},"in2DMode":false,"pivot":{"x":17.186622619628908,"y":-2.2987823486328127,"z":316.0428771972656},"rotation":{"x":-0.3856227993965149,"y":0.45335862040519717,"z":-0.22677114605903626,"w":-0.7709328532218933},"size":46.102291107177737,"orthographic":false}